student,section,Final exam
209900001,01,84.4
209900002,01,83.6
209900003,01,50.3
209900004,01,72.2
209900005,01,80.8
209900006,01,79.1
209900007,01,61.7
209900008,01,64.9
209900009,01,77.1
209900010,01,59.2
209900011,01,71.5
209900012,01,53.6
209900013,01,74.1
209900014,01,58.1
209900015,01,75.0
209900016,02,78.5
209900017,02,79.0
209900018,02,76.2
209900019,02,41.1
209900020,02,68.9
209900021,02,54.8
209900022,02,45.4
209900023,02,64.3
209900024,02,70.9
209900025,02,89.4
209900026,02,58.5
209900027,02,78.3
209900028,02,20
209900029,02,57.2
